<?xml version="1.0" encoding="UTF-8"?>
<Configuration status="DEBUG">
    <Appenders>
        <Console name="LogToConsole" target="SYSTEM_OUT">
            <PatternLayout pattern="%d{yyyy-MM-dd HH:mm:ss} [%t] %-5level %logger{36} - %msg%n"/>
        </Console>
        <Console name="ConsoleJSONAppender" target="SYSTEM_OUT">
            <JsonLayout complete="false" compact="true" eventEol="true">
                <KeyValuePair key="logTimestamp" value="$${date:yyyy-MM-dd'T'HH:mm:ss.SSSZ}" />
                <KeyValuePair key="logOrigin" value="iop_ace" />
            </JsonLayout>
        </Console>
    </Appenders>

    <Loggers>
        <!-- avoid duplicated logs with additivity=false -->
        <Logger name="AuditLog" level="trace" additivity="false">
            <AppenderRef ref="ConsoleJSONAppender" />
        </Logger>
        <logger name="au.gov.vic.itss.eip.common.log.LogUtil" level="trace" additivity="false">
            <AppenderRef ref="ConsoleJSONAppender" />
        </logger>
        <Root level="trace">
            <AppenderRef ref="ConsoleJSONAppender" />
        </Root>
    </Loggers>
</Configuration>